{
    "min_lon": 6.840793200000125,
    "min_lat": 47.074341996048624,
    "max_lon": 8.894518600000023,
    "max_lat": 49.344381496714455
}